[{
        "name": "คามาโด ทันจิโร",
        "username": "kt",
        "gender": "ชาย"
    },
    {
        "name": "คามาโด เนซึโกะ",
        "username": "kn",
        "gender": "หญิง"
    },
    {
        "name": "อากาสึมะ เซ็นนิตสึ",
        "username": "as",
        "gender": "ชาย"

    },
    {
        "name": "ฮาชิบิระ อิโนสึเกะ",
        "username": "hi",
        "gender": "ชาย"
    }
]

